role,name,poli,State,twitterName,name,userNumber,followers,,,Important Comments,,
representative,Rep. Don Young,R,AK-0,@RepDonYoung,repdonyoung,37007274,17249,,,Patrick Meehan should be elected on Nov,,
representative,Rep. Bradley Byrne,R,AL-1,@RepByrne,RepByrne,2253968388,18554,,,,Webpage: ,https://advocacy.kidney.org/congressional-social-media-accounts/
representative,Rep. Martha Roby,R,AL-2,@RepMarthaRoby,RepMarthaRoby,224294785,30439,,,,,https://www.govtrack.us/congress/members
representative,Rep. Mike Rogers,R,AL-3,@RepMikeRogersAL,RepMikeRogersAL,33977070,22770,,,,,
representative,Rep. Robert Aderholt,R,AL-4,@Robert_Aderholt,Robert_Aderholt,76452765,22304,,,,,
representative,Rep. Mo Brooks,R,AL-5,@RepMoBrooks,RepMoBrooks,237299871,27150,,,Webpage:,https://advocacy.kidney.org/congressional-social-media-accounts/,
representative,Rep. Gary Palmer,R,AL-6,@USRepGaryPalmer,USRepGaryPalmer,2861616083,14527,,,,https://www.govtrack.us/congress/members,
representative,Rep. Terri Sewell,D,AL-7,@RepTerriSewell,RepTerriSewell,381152398,31963,,,,http://listafterlist.com/list-of-united-states-senators-twitter-accounts/,
representative,Rep. Eric Crawford,R,AR-1,@RepRickCrawford,RepRickCrawford,233693291,16518,,,,https://www.socialseer.com/resources/us-senator-twitter-accounts/,
representative,Rep. French Hill,R,AR-2,@RepFrenchHill,RepFrenchHill,2953974395,12232,,,,,
representative,Rep. Steve Womack,R,AR-3,@Rep_SteveWomack,rep_stevewomack,234469322,18304,,,,,
representative,Rep. Bruce Westerman,R,AR-4,@RepWesterman,RepWesterman,2852998461,8461,,,,,
representative,Rep. Tom O’Halleran,D,AZ-1,@repohalleran,RepOHalleran,8.08417E+17,7291,,,,,
representative,Rep. Martha McSally,R,AZ-2,@RepMcSally,RepMcSally,2964949642,33996,,,,,
representative,Rep. Raul Grijalva,D,AZ-3,@RepraulGrijalva,RepRaulGrijalva,28602948,31281,,,,,
representative,Rep. Paul Gosar,R,AZ-4,@RepGosar,RepGosar,240760644,41282,,,,,
representative,Rep. Andy Biggs,R,AZ-5,@RepAndyBiggsAZ,RepAndyBiggsAZ,8.16653E+17,12960,,,,,
representative,Rep. David Schweikert,R,AZ-6,@RepDavid,RepDavid,229197216,23794,,,,,
representative,Rep. Ruben Gallego,D,AZ-7,@RepRubenGallego,RepRubenGallego,2966570782,72023,,,,,
representative,Rep. Debbie Lesko,R,AZ-8,@DebbieLesko,DebbieLesko,34715823,8763,,,,,
representative,Rep. Kyrsten Sinema,D,AZ-9,@RepSinema,RepSinema,1080844782,32055,,,,,
representative,Rep. Doug LaMalfa,R,CA-1,@RepLaMalfa,RepLaMalfa,1069124515,15400,,,,,
representative,Rep. Jared Huffman,D,CA-2,@RepHuffman,RepHuffman,1071102246,26771,,,,,
representative,Rep. John Garamendi,D,CA-3,@RepGaramendi,RepGaramendi,88806753,25613,,,,,
representative,Rep. Tom McClintock,R,CA-4,@RepMcClintock,RepMcClintock,50152441,12904,,,,,
representative,Rep. Mike Thompson,D,CA-5,@RepThompson,RepThompson,303861808,23044,,,,,
representative,Rep. Doris Matsui,D,CA-6,@DorisMatsui,DorisMatsui,38254095,31526,,,,,
representative,Rep. Ami Bera,D,CA-7,@RepBera,RepBera,950783972,29057,,,,,
representative,Rep. Paul Cook,R,CA-8,@RepPaulCook,RepPaulCook,1074412920,13871,,,,,
representative,Rep. Jerry McNerney,D,CA-9,@RepMcNerney,RepMcNerney,385429543,20999,,,,,
representative,Rep. Jeff Denham,R,CA-10,@RepJeffDenham,RepJeffDenham,248699486,22873,,,,,
representative,Rep. Mark DeSaulnier,D,CA-11,@RepDeSaulnier,RepDeSaulnier,2968007206,12943,,,,,
representative,Rep. Nancy Pelosi,D,CA-12,@NancyPelosi,NancyPelosi,15764644,1639581,,,,,
representative,Rep. Barbara Lee,D,CA-13,@RepBarbaraLee,RepBarbaraLee,248735463,192512,,,,,
representative,Rep. Jackie Speier,D,CA-14,@RepSpeier,RepSpeier,24913074,123751,,,,,
representative,Rep. Eric Swalwell,D,CA-15,@RepSwalwell,RepSwalwell,942156122,359320,,,,,
representative,Rep. Jim Costa,D,CA-16,@RepJimCosta,RepJimCosta,245451804,16437,,,,,
representative,Rep. Ro Khanna,D,CA-17,@RepRoKhanna,RepRoKhanna,8.16299E+17,18787,,,,,
representative,Rep. Anna Eshoo,D,CA-18,@RepAnnaEshoo,RepAnnaEshoo,249348006,36713,,,,,
representative,Rep. Zoe Lofgren,D,CA-19,@RepZoeLofgren,RepZoeLofgren,267938462,35484,,,,,
representative,Rep. Jimmy Panetta,D,CA-20,@RepJimmyPanetta,RepJimmyPanetta,7.96737E+17,6607,,,,,
representative,Rep. David Valadao,R,CA-21,@RepDavidValadao,RepDavidValadao,1128514404,16388,,,,,
representative,Rep. Devin Nunes,R,CA-22,@RepDevinNunes,RepDevinNunes,344972339,31075,,,,,
representative,Rep. Kevin McCarthy,R,CA-23,@GOPLeader,GOPLeader,19739126,175010,,,,,
representative,Rep. Salud Carbajal,D,CA-24,@RepCarbajal,RepCarbajal,8.16158E+17,6909,,,,,
representative,Rep. Steve Knight,R,CA-25,@SteveKnight25,SteveKnight25,2974648323,5882,,,,,
representative,Rep. Julia Brownley,D,CA-26,@JuliaBrownley26,JuliaBrownley26,1243902714,14604,,,,,
representative,Rep. Judy Chu,D,CA-27,@RepJudyChu,RepJudyChu,193732179,57127,,,,,
representative,Rep. Adam Schiff,D,CA-28,@RepAdamSchiff,RepAdamSchiff,29501253,1030910,,,,,
representative,Rep. Tony Cardenas,D,CA-29,@RepCardenas,RepCardenas,1222257180,18002,,,,,
representative,Rep. Brad Sherman,D,CA-30,@BradSherman,BradSherman,30216513,38462,,,,,
representative,Rep. Pete Aguilar,D,CA-31,@reppeteaguilar,RepPeteAguilar,3018670151,9020,,,,,
representative,Rep. Grace Napolitano,D,CA-32,@GraceNapolitano,gracenapolitano,161411080,29585,,,,,
representative,Rep. Ted Lieu,D,CA-33,@RepTedLieu,RepTedLieu,3044993235,119890,,,,,
representative,Rep. Jimmy Gomez,D,CA-34,@JimmyGomezCA,JimmyGomezCA,398193180,12936,,,,,
representative,Rep. Norma Torres,D,CA-35,@NormaJTorres,NormaJTorres,236279233,15569,,,,,
representative,Rep. Raul Ruiz,D,CA-36,@CongressmanRuiz,CongressmanRuiz,1089859058,17986,,,,,
representative,Rep. Karen Bass,D,CA-37,@RepKarenBass,RepKarenBass,239949176,86707,,,,,
representative,Rep. Linda Sanchez,D,CA-38,@RepLindaSanchez,RepLindaSanchez,312134473,30612,,,,,
representative,Rep. Edward Royce,R,CA-39,@RepEdRoyce,RepEdRoyce,246769138,29429,,,,,
representative,Rep. Lucille Roybal-Allard,D,CA-40,@RepRoybalAllard,RepRoybalAllard,479872233,22160,,,,,
representative,Rep. Mark Takano,D,CA-41,@RepMarkTakano,RepMarkTakano,1037321378,46872,,,,,
representative,Rep. Ken Calvert,R,CA-42,@KenCalvert,KenCalvert,22545491,16472,,,,,
representative,Rep. Maxine Waters,D,CA-43,@MaxineWaters,MaxineWaters,3166120541,26363,,,,,
representative,Rep. Nanette Barragan,D,CA-44,@RepBarragan,RepBarragan,8.16834E+17,8432,,,,,
representative,Rep. Mimi Walters,R,CA-45,@RepMimiWalters,RepMimiWalters,47798449,12745,,,,,
representative,Rep. Luis Correa,D,CA-46,@housedemocrats,HouseDemocrats,43963249,697315,,,,,
representative,Rep. Alan Lowenthal,D,CA-47,@RepLowenthal,RepLowenthal,1055730738,26215,,,,,
representative,Rep. Dana Rohrabacher,R,CA-48,@DanaRohrabacher,DanaRohrabacher,19139963,38324,,,,,
representative,Rep. Darrell Issa,R,CA-49,@DarrellIssa,DarrellIssa,22509548,297472,,,,,
representative,Rep. Duncan Hunter,R,CA-50,@Rep_Hunter,Rep_Hunter,1305596696,16831,,,,,
representative,Rep. Juan Vargas,D,CA-51,@RepJuanVargas,RepJuanVargas,1260172386,18516,,,,,
representative,Rep. Scott Peters,D,CA-52,@RepScottPeters,RepScottPeters,1135486501,22209,,,,,
representative,Rep. Susan Davis,D,CA-53,@RepSusanDavis,RepSusanDavis,432771620,18312,,,,,
representative,Rep. Diana DeGette,D,CO-1,@RepDianaDeGette,RepDianaDeGette,28599820,41637,,,,,
representative,Rep. Jared Polis,D,CO-2,@JaredPolis,jaredpolis,15361570,50405,,,,,
representative,Rep. Scott Tipton,R,CO-3,@RepTipton,RepTipton,242873057,20195,,,,,
representative,Rep. Ken Buck,R,CO-4,@RepKenBuck,RepKenBuck,2862577383,17901,,,,,
representative,Rep. Doug Lamborn,R,CO-5,@RepDLamborn,RepDLamborn,584012853,17357,,,,,
representative,Rep. Mike Coffman,R,CO-6,@RepMikeCoffman,RepMikeCoffman,19407835,39557,,,,,
representative,Rep. Ed Perlmutter,D,CO-7,@RepPerlmutter,RepPerlmutter,20552026,30090,,,,,
representative,Rep. John Larson,D,CT-1,@RepJohnLarson,RepJohnLarson,50452197,23138,,,,,
representative,Rep. Joe Courtney,D,CT-2,@RepJoeCourtney,RepJoeCourtney,85396297,22511,,,,,
representative,Rep. Rosa DeLauro,D,CT-3,@RosaDeLauro,rosadelauro,140519774,36285,,,,,
representative,Rep. James Himes,D,CT-4,@JAHimes,jahimes,31611298,74788,,,,,
representative,Rep. Elizabeth Esty,D,CT-5,@RepEsty,RepEsty,1060984272,22096,,,,,
representative,Rep. Lisa Blunt Rochester,D,DE-0,@LisaBRochester,LisaBRochester,4049197462,3372,,,,,
representative,Rep. Eleanor Norton,D,DC-0,@EleanorNorton,EleanorNorton,23600262,29756,,,,,
representative,Rep. Matt Gaetz,R,FL-1,@Rep_Matt_Gaetz,Rep_Matt_Gaetz,510196665,8,,,,,
representative,Rep. Neal Dunn,,FL-2,@DrNealDunnFL2,DrNealDunnFL2,8.15952E+17,4940,,,,,
representative,Rep. Ted Yoho,R,FL-3,@RepTedYoho,RepTedYoho,1071900114,29255,,,,,
representative,Rep. John Rutherford,R,FL-4,@RepRutherfordFL,RepRutherfordFL,8.28977E+17,3413,,,,,
representative,Rep. Al Lawson,D,FL-5,@RepAlLawsonJr,RepAlLawsonJr,8.18472E+17,4208,,,,,
representative,Rep. Ron DeSantis,R,FL-6,@RepDeSantis,RepDeSantis,1058807868,220377,,,,,
representative,Rep. Stephanie Murphey,D,FL-7,@RepStephMurphy,RepStephMurphy,7.96184E+17,16116,,,,,
representative,Rep. Bill Posey,R,FL-8,@CongBillPosey,congbillposey,25086658,21484,,,,,
representative,Rep. Darren Soto,D,FL-9,@RepDarrenSoto,RepDarrenSoto,8.18713E+17,6671,,,,,
representative,Rep. Val Demings,D,FL-10,@RepValDemings,RepValDemings,7.98973E+17,9510,,,,,
representative,Rep. Daniel Webster,R,FL-11,@RepWebster,RepWebster,281540744,22684,,,,,
representative,Rep. Gus Bilirakis,R,FL-12,@RepGusBilirakis,RepGusBilirakis,26051676,27281,,,,,
representative,Rep. Charlie Christ,D,FL-13,@repcharliecrist,RepCharlieCrist,8.1603E+17,8189,,,,,
representative,Rep. Kathy Castor,D,FL-14,@USRepKCastor,USRepKCastor,1880674038,14280,,,,,
representative,Rep. Dennis Ross,R,FL-15,@RepDennisRoss,RepDennisRoss,33655490,19562,,,,,
representative,Rep. Vern Buchanan,R,FL-16,@VernBuchanan,VernBuchanan,20467163,26798,,,,,
representative,Rep. Thomas Rooney,R,FL-17,@TomRooney,TomRooney,23970171,22473,,,,,
representative,Rep. Brian Mast,R,FL-18,@repbrianmast,RepBrianMast,8.14104E+17,10342,,,,,
representative,Rep. Francis Rooney,R,FL-19,@RepRooney,RepRooney,8.16112E+17,4976,,,,,
representative,Rep. Alcee Hastings,D,FL-20,@RepHastingsFL,RepHastingsFL,2433737761,22253,,,,,
representative,Rep. Lois Frankel,D,FL-21,@RepLoisFrankel,RepLoisFrankel,1077121945,24108,,,,,
representative,Rep. Theodore Deutch,D,FL-22,@RepTedDeutch,RepTedDeutch,137794015,55205,,,,,
representative,Rep. Debbie Wasserman Schultz,D,FL-23,@RepDWStweets,RepDWStweets,1140648348,12655,,,,,
representative,Rep. Frederica Wilson,D,FL-24,@RepWilson,RepWilson,234014087,65121,,,,,
representative,Rep. Mario Diaz-Balart,R,FL-25,@MarioDB,MarioDB,37094727,38372,,,,,
representative,Rep. Carlos Curbelo,R,FL-26,@RepCurbelo,RepCurbelo,2853309155,19030,,,,,
representative,Rep. Ileana Ros-Lehtinen,R,FL-27,@RosLehtinen,RosLehtinen,14275291,131971,,,,,
representative,Rep. Buddy Carter,R,GA-1,@RepBuddyCarter,RepBuddyCarter,2973870195,13044,,,,,
representative,Rep. Sanford Bishop,D,GA-2,@SanfordBishop,SanfordBishop,249410485,17611,,,,,
representative,Rep. Drew Ferguson,R,GA-3,@RepDrewFerguson,RepDrewFerguson,8.06584E+17,4342,,,,,
representative,Rep. Henry Johnson,D,GA-4,@RepHankJohnson,RepHankJohnson,24745957,30756,,,,,
representative,Rep. John Lewis,D,GA-5,@RepJohnLewis,repjohnlewis,29450962,975500,,,,,
representative,Rep. Karen Handel,R,GA-6,@karenhandel,karenhandel,15673703,18206,,,,,
representative,Rep. Rob Woodall,R,GA-7,@RepRobWoodall,RepRobWoodall,2382685057,10727,,,,,
representative,Rep. Austin Scott,R,GA-8,@AustinScottGA08,AustinScottGA08,234797704,18122,,,,,
representative,Rep. Doug Collins,R,GA-9,@RepDougCollins,RepDougCollins,1060487274,17017,,,,,
representative,Rep. Jody Hice,R,GA-10,@congressmanhice,CongressmanHice,2975091705,16573,,,,,
representative,Rep. Barry Loudermilk,R,GA-11,@RepLoudermilk,RepLoudermilk,2914163523,13164,,,,,
representative,Rep. Rick Allen,R,GA-12,@reprickallen,RepRickAllen,2964287128,13401,,,,,
representative,Rep. David Scott,D,GA-13,@RepDavidScott,repdavidscott,168673083,18130,,,,,
representative,Rep. Tom Graves,R,GA-14,@RepTomGraves,RepTomGraves,190328374,18255,,,,,
representative,Rep. Colleen Hanabusa,D,HI-1,@housedemocrats,HouseDemocrats,43963249,697315,,,,,
representative,Rep. Tulsi Gabbard,D,HI-2,@TulsiPress,TulsiPress,1064206014,97610,,,,,
representative,Rep. Rod Blum,R,IA-1,@RepRodBlum,RepRodBlum,2965083477,12263,,,,,
representative,Rep. David Loebsack,D,IA-2,@DaveLoebsack,daveloebsack,510516465,7728,,,,,
representative,Rep. David Young,R,IA-3,@RepDavidYoung,RepDavidYoung,314205957,12939,,,,,
representative,Rep. Steve King,R,IA-4,@SteveKingIA,SteveKingIA,48117116,97931,,,,,
representative,Rep. Raul Labrador,R,ID-1,@Raul_Labrador,Raul_Labrador,246341769,22552,,,,,
representative,Rep. Michael Simpson,R,ID-2,@CongMikeSimpson,CongMikeSimpson,76132891,14564,,,,,
representative,Rep. Bobby Rush,D,IL-1,@RepBobbyRush,RepBobbyRush,305216911,15037,,,,,
representative,Rep. Robin Kelly,D,IL-2,@RepRobinKelly,RepRobinKelly,1339931490,22854,,,,,
representative,Rep. Daniel Lipinski,D,IL-3,@RepLipinski,RepLipinski,1009269193,12094,,,,,
representative,Rep. Luis Gutierrez,D,IL-4,@LuisGutierrez,LuisGutierrez,322013313,2528,,,,,
representative,Rep. Mike Quigley,D,IL-5,@RepMikeQuigley,RepMikeQuigley,56864092,38387,,,,,
representative,Rep. Peter Roskam,R,IL-6,@PeterRoskam,PeterRoskam,20015903,29136,,,,,
representative,Rep. Danny Davis,D,IL-7,@RepDannyDavis,RepDannyDavis,789244177,10501,,,,,
representative,Rep. Raja Krishnamoorthi,D,IL-8,@congressmanraja,CongressmanRaja,8.14179E+17,11985,,,,,
representative,Rep. Janice Schakowsky,D,IL-9,@JanSchakowsky,janschakowsky,24195214,36977,,,,,
representative,Rep. Bradley Schneider,D,IL-10,@repschneider,RepSchneider,1071840474,7909,,,,,
representative,Rep. Bill Foster,D,IL-11,@RepBillFoster,RepBillFoster,1080509366,42659,,,,,
representative,Rep. Mike Bost,R,IL-12,@RepBost,RepBost,2964877294,8526,,,,,
representative,Rep. Rodney Davis,R,IL-13,@RodneyDavis,RodneyDavis,993153006,18167,,,,,
representative,Rep. Randy Hultgren,R,IL-14,@RepHultgren,RepHultgren,237814920,20027,,,,,
representative,Rep. John Shimkus,R,IL-15,@RepShimkus,RepShimkus,15600527,28165,,,,,
representative,Rep. Adam Kinzinger,R,IL-16,@RepKinzinger,RepKinzinger,219429281,41193,,,,,
representative,Rep. Cheri Bustos,D,IL-17,@RepCheri,RepCheri,1092979962,28818,,,,,
representative,Rep. Darin LaHood,R,IL-18,@RepLaHood,RepLaHood,3686482216,10144,,,,,
representative,Rep. Peter Visclosky,D,IN-1,@RepVisclosky,RepVisclosky,193872188,12666,,,,,
representative,Rep. Jackie Walorski,R,IN-2,@RepWalorski,RepWalorski,1065995022,15757,,,,,
representative,Rep. Jim Banks,R,IN-3,@RepJimBanks,RepJimBanks,8.16131E+17,6488,,,,,
representative,Rep. Todd Rokita,R,IN-4,@ToddRokita,ToddRokita,17544524,22652,,,,,
representative,Rep. Susan Brooks,R,IN-5,@SusanWBrooks,SusanWBrooks,1074101017,18609,,,,,
representative,Rep. Luke Messer,R,IN-6,@RepLukeMesser,RepLukeMesser,1045853744,15475,,,,,
representative,Rep. Andre Carson,D,IN-7,@RepAndreCarson,RepAndreCarson,199325935,34806,,,,,
representative,Rep. Larry Bucshon,R,IN-8,@RepLarryBucshon,RepLarryBucshon,234812598,18637,,,,,
representative,Rep. Trey Hollingsworth,R,IN-9,@reptrey,RepTrey,8.11986E+17,7038,,,,,
representative,Rep. Roger Marshall,R,KS-1,@RogerMarshallMD,RogerMarshallMD,1240107944,3994,,,,,
representative,Rep. Lynn Jenkins,R,KS-2,@RepLynnJenkins,RepLynnJenkins,19658173,23398,,,,,
representative,Rep. Kevin Yoder,R,KS-3,@RepKevinYoder,RepKevinYoder,252819642,32463,,,,,
representative,Rep. Mike Pompeo,R,KS-4,@RepMPompeo,RepMPompeo,9.69259E+17,4157,,,,,
representative,Rep. James Comer,R,KY-1,@housegop,HouseGOP,15207668,591876,,,,,
representative,Rep. Brett Guthrie,R,KY-2,@RepGuthrie,RepGuthrie,1908143071,14631,,,,,
representative,Rep. John Yarmuth,D,KY-3,@RepJohnYarmuth,RepJohnYarmuth,384913290,33955,,,,,
representative,Rep. Thomas Massie,R,KY-4,@RepThomasMassie,RepThomasMassie,975200486,48257,,,,,
representative,Rep. Harold Rogers,R,KY-5,@RepHalRogers,RepHalRogers,550401754,14852,,,,,
representative,Rep. Garland Barr,R,KY-6,@RepAndyBarr,RepAndyBarr,1089334250,17719,,,,,
representative,Rep. Steve Scalise,R,LA-1,@SteveScalise,SteveScalise,1209417007,267259,,,,,
representative,Rep. Cedric Richmond,D,LA-2,@RepRichmond,RepRichmond,267854863,26264,,,,,
representative,Rep. Clay Higgins,R,LA-3,@RepClayHiggins,RepClayHiggins,8.43637E+17,4915,,,,,
representative,Rep. Mike Johnson,R,LA-4,@RepMikeJohnson,RepMikeJohnson,8.2728E+17,3620,,,,,
representative,Rep. Ralph Abraham,R,LA-5,@RepAbraham,RepAbraham,2962891515,13982,,,,,
representative,Rep. Garret Graves,R,LA-6,@RepGarretGraves,RepGarretGraves,2951574214,8872,,,,,
representative,Rep. Richard Neal,D,MA-1,@RepRichardNeal,RepRichardNeal,442824717,15498,,,,,
representative,Rep. James McGovern,D,MA-2,@RepMcGovern,RepMcGovern,242426145,37684,,,,,
representative,Rep. Niki Tsongas,D,MA-3,@NikiInTheHouse,nikiinthehouse,242892689,21897,,,,,
representative,Rep. Joseph Kennedy,D,MA-4,@RepJoeKennedy,RepJoeKennedy,1055907624,697443,,,,,
representative,Rep. Katherine Clark,D,MA-5,@RepKClark,RepKClark,2293131060,56314,,,,,
representative,Rep. Seth Moulton,D,MA-6,@teammoulton,teammoulton,3091316093,7594,,,,,
representative,Rep. Michael Capuano,D,MA-7,@RepMikeCapuano,RepMikeCapuano,7.47806E+17,10425,,,,,
representative,Rep. Stephen Lynch,D,MA-8,@RepStephenLynch,RepStephenLynch,310310133,18897,,,,,
representative,Rep. William Keating,D,MA-9,@USRepKeating,USRepKeating,232992031,13795,,,,,
representative,Rep. Andy Harris,R,MD-1,@RepAndyHarrisMD,RepAndyHarrisMD,960962340,13894,,,,,
representative,Rep. C. Ruppersberger,D,MD-2,@Call_Me_Dutch,Call_Me_Dutch,305620929,14160,,,,,
representative,Rep. John Sarbanes,D,MD-3,@RepSarbanes,RepSarbanes,364415553,18171,,,,,
representative,Rep. Anthony Brown,D,MD-4,@housedemocrats,HouseDemocrats,43963249,697316,,,,,
representative,Rep. Steny Hoyer,D,MD-5,@WhipHoyer,WhipHoyer,22012091,104691,,,,,
representative,Rep. John Delaney,D,MD-6,@RepJohnDelaney,RepJohnDelaney,937723303,19198,,,,,
representative,Rep. Elijah Cummings,D,MD-7,@RepCummings,RepCummings,787373558,228380,,,,,
representative,Rep. Jamie Raskin,D,MD-8,@repraskin,RepRaskin,8.06906E+17,31331,,,,,
representative,Rep. Chellie Pingree,D,ME-1,@ChelliePingree,chelliepingree,14984637,23036,,,,,
representative,Rep. Bruce Poliquin,R,ME-2,@RepPoliquin,RepPoliquin,2932617195,9473,,,,,
representative,Rep. Jackie Bergman,R,MI-1,@RepJackBergman,RepJackBergman,8.15242E+17,5607,,,,,
representative,Rep. Bill Huizenga,R,MI-2,@RepHuizenga,RepHuizenga,233949261,18084,,,,,
representative,Rep. Justin Amash,R,MI-3,@justinamash,justinamash,233842454,142216,,,,,
representative,Rep. John Moolenaar,R,MI-4,@RepMoolenaar,RepMoolenaar,2696643955,9000,,,,,
representative,Rep. Daniel Kildee,D,MI-5,@RepDanKildee,RepDanKildee,1045110018,32823,,,,,
representative,Rep. Fred Upton,R,MI-6,@RepFredUpton,RepFredUpton,124224165,22973,,,,,
representative,Rep. Tim Walberg,R,MI-7,@RepWalberg,RepWalberg,237862972,15320,,,,,
representative,Rep. Mike Bishop,R,MI-8,@RepMikeBishop,RepMikeBishop,2914571740,13294,,,,,
representative,Rep. Sander Levin,D,MI-9,@RepSandyLevin,repsandylevin,25781141,26574,,,,,
representative,Rep. Paul Mitchell,R,MI-10,@RepPaulMitchell,RepPaulMitchell,8.11633E+17,4235,,,,,
representative,Rep. Dave Trott,R,MI-11,@repdavetrott,RepDaveTrott,2869746172,14021,,,,,
representative,Rep. Debbie Dingell,D,MI-12,@RepDebDingell,RepDebDingell,2970279814,33898,,,,,
representative,Rep. John Conyers,D,MI-13,@RepJohnConyers,RepJohnConyers,138770045,42758,,,,,
representative,Rep. Brenda Lawrence,D,MI-14,@RepLawrence,RepLawrence,2863006655,11751,,,,,
representative,Rep. Timothy Walz,D,MN-1,@RepTimWalz,RepTimWalz,1262814457,28122,,,,,
representative,Rep. Jason Lewis,R,MN-2,@RepJasonLewis,RepJasonLewis,8.16047E+17,8990,,,,,
representative,Rep. Erik Paulsen,R,MN-3,@RepErikPaulsen,RepErikPaulsen,17513304,20254,,,,,
representative,Rep. Betty McCollum,D,MN-4,@BettyMcCollum04,BettyMcCollum04,516880804,26988,,,,,
representative,Rep. Keith Ellison,D,MN-5,@KeithEllison,keithellison,14135426,370564,,,,,
representative,Rep. Tom Emmer,R,MN-6,@RepTomEmmer,RepTomEmmer,2914515430,11037,,,,,
representative,Rep. Collin Peterson,D,MN-7,@collinpeterson,collinpeterson,115676070,1938,,,,,
representative,Rep. Richard Nolan,D,MN-8,@USRepRickNolan,USRepRickNolan,1055685948,12543,,,,,
representative,Rep. Wm. Clay,D,MO-1,@LacyClayMO1,LacyClayMO1,584912320,8483,,,,,
representative,Rep. Ann Wagner,R,MO-2,@RepAnnWagner,RepAnnWagner,1051446626,18920,,,,,
representative,Rep. Blaine Luetkemeyer,R,MO-3,@RepBlaine,RepBlaine,1849261916,10962,,,,,
representative,Rep. Vicky Hartzler,R,MO-4,@RepHartzler,RepHartzler,237763317,19770,,,,,
representative,Rep. Emanuel Cleaver,D,MO-5,@RepCleaver,repcleaver,163570705,36072,,,,,
representative,Rep. Sam Graves,R,MO-6,@RepSamGraves,RepSamGraves,29766367,12332,,,,,
representative,Rep. Billy Long,R,MO-7,@USRepLong,USRepLong,1444015610,17480,,,,,
representative,Rep. Jason Smith,R,MO-8,@RepJasonSmith,RepJasonSmith,1623308912,27583,,,,,
representative,Rep. Trent Kelly,R,MS-1,@reptrentkelly,RepTrentKelly,3317799825,8077,,,,,
representative,Rep. Bennie Thompson,D,MS-2,@BennieGThompson,BennieGThompson,82453460,9375,,,,,
representative,Rep. Gregg Harper,R,MS-3,@GreggHarper,GreggHarper,23712174,28092,,,,,
representative,Rep. Steven Palazzo,R,MS-4,@CongPalazzo,CongPalazzo,299883942,14513,,,,,
representative,Rep. Ryan Zinke,R,MT-0,@RepRyanZinke,RepRyanZinke,2953494478,11324,,,,,
representative,Rep. George Butterfield,D,NC-1,@GKButterfield,GKButterfield,432676344,16391,,,,,
representative,Rep. George Holding,R,NC-2,@RepHolding,RepHolding,1058460818,14025,,,,,
representative,Rep. Walter Jones,R,NC-3,@RepWalterJones,RepWalterJones,26778110,23856,,,,,
representative,Rep. David Price,D,NC-4,@RepDavidEPrice,RepDavidEPrice,155669457,25534,,,,,
representative,Rep. Virginia Foxx,R,NC-5,@VirginiaFoxx,virginiafoxx,16256269,22056,,,,,
representative,Rep. Mark Walker,R,NC-6,@RepMarkWalker,RepMarkWalker,2966205003,11688,,,,,
representative,Rep. David Rouzer,R,NC-7,@RepDavidRouzer,RepDavidRouzer,834069080,7494,,,,,
representative,Rep. Richard Hudson,R,NC-8,@RepRichHudson,RepRichHudson,935033864,15344,,,,,
representative,Rep. Robert Pittenger,R,NC-9,@RepPittenger,RepPittenger,950328072,14176,,,,,
representative,Rep. Patrick McHenry,R,NC-10,@PatrickMcHenry,PatrickMcHenry,27676828,23658,,,,,
representative,Rep. Mark Meadows,R,NC-11,@RepMarkMeadows,RepMarkMeadows,963480595,157924,,,,,
representative,Rep. Alma Adams,D,NC-12,@RepAdams,RepAdams,2916086925,11412,,,,,
representative,Rep. Ted Budd,R,NC-13,@RepTedBudd,RepTedBudd,8.17138E+17,5811,,,,,
representative,Rep. Kevin Cramer,R,ND-0,@RepKevinCramer,RepKevinCramer,1048784496,13288,,,,,
representative,Rep. Jeff Fortenberry,R,NE-1,@JeffFortenberry,JeffFortenberry,18805303,19087,,,,,
representative,Rep. Donald Bacon,R,NE-2,@housegop,HouseGOP,15207668,591876,,,,,
representative,Rep. Adrian Smith,R,NE-3,@RepAdrianSmith,RepAdrianSmith,296245061,11155,,,,,
representative,Rep. Carol Shae-Porter,D,NH-1,@repsheaporter,RepSheaPorter,126171100,6812,,,,,
representative,Rep. Ann Kuster,D,NH-2,@RepAnnieKuster,RepAnnieKuster,1058717720,18224,,,,,
representative,Rep. Donald Norcross,D,NJ-1,@DonaldNorcross,DonaldNorcross,3122099613,8424,,,,,
representative,Rep. Frank LoBiondo,R,NJ-2,@RepLoBiondo,RepLoBiondo,241207373,16627,,,,,
representative,Rep. Tom MacArthur,R,NJ-3,@RepTomMacArthur,RepTomMacArthur,2962994194,14161,,,,,
representative,Rep. Christopher Smith,R,NJ-4,@RepChrisSmith,RepChrisSmith,1289319271,21484,,,,,
representative,Rep. Josh Gottheimer,D,NJ-5,@RepJoshG,RepJoshG,8.15311E+17,6330,,,,,
representative,Rep. Frank Pallone,D,NJ-6,@FrankPallone,FrankPallone,31801993,29320,,,,,
representative,Rep. Leonard Lance,R,NJ-7,@RepLanceNJ7,RepLanceNJ7,613725908,15963,,,,,
representative,Rep. Albio Sires,D,NJ-8,@Rep_Albio_Sires,rep_albio_sires,2193480787,44,,,,,
representative,Rep. Bill Pascrell,D,NJ-9,@BillPascrell,BillPascrell,74508260,34851,,,,,
representative,Rep. Donald Payne,D,NJ-10,@RepDonaldPayne,RepDonaldPayne,1155335864,14007,,,,,
representative,Rep. Rodney Frelinghuysen,R,NJ-11,@USRepRodney,USRepRodney,1382011333,14164,,,,,
representative,Rep. Bonnie Watson Coleman,D,NJ-12,@RepBonnie,RepBonnie,2968451607,22250,,,,,
representative,Rep. Michelle Lujan Grisham,D,NM-1,@RepLujanGrisham,RepLujanGrisham,1061385474,26214,,,,,
representative,Rep. Stevan Pearce,R,NM-2,@RepStevePearce,RepStevePearce,235271965,13141,,,,,
representative,Rep. Ben Lujan,D,NM-3,@RepBenRayLujan,repbenraylujan,19318314,17541,,,,,
representative,Rep. Dina Titus,D,NV-1,@RepDinaTitus,repdinatitus,122174004,32211,,,,,
representative,Rep. Mark Amodei,R,NV-2,@MarkAmodeiNV2,MarkAmodeiNV2,402719755,12239,,,,,
representative,Rep. Jacky Rosen,D,NV-3,@housedemocrats,HouseDemocrats,43963249,697316,,,,,
representative,Rep. Ruben Kihuen,D,NV-4,@RepKihuen,RepKihuen,8.16282E+17,11144,,,,,
representative,Rep. Lee Zeldin,R,NY-1,@RepLeeZeldin,RepLeeZeldin,2750127259,51592,,,,,
representative,Rep. Peter King,R,NY-2,@RepPeteKing,RepPeteKing,18277655,34346,,,,,
representative,Rep. Thomas Suozzi,D,NY-3,@RepTomSuozzi,RepTomSuozzi,8.16705E+17,5731,,,,,
representative,Rep. Kathleen Rice,D,NY-4,@RepKathleenRice,RepKathleenRice,2970462034,25849,,,,,
representative,Rep. Gregory Meeks,D,NY-5,@GregoryMeeks,GregoryMeeks,9.2633E+17,22,,,,,
representative,Rep. Grace Meng,D,NY-6,@RepGraceMeng,RepGraceMeng,1051127714,23065,,,,,
representative,Rep. Nydia Velazquez,D,NY-7,@NydiaVelazquez,NydiaVelazquez,164369297,43145,,,,,
representative,Rep. Hakeem Jeffries,D,NY-8,@RepJeffries,RepJeffries,467823431,57823,,,,,
representative,Rep. Yvette Clarke,D,NY-9,@YvetteClarke,YvetteClarke,7.90257E+17,55,,,,,
representative,Rep. Jerrold Nadler,D,NY-10,@RepJerryNadler,RepJerryNadler,40302336,61473,,,,,
representative,Rep. Daniel Donovan,R,NY-11,@RepDanDonovan,RepDanDonovan,3353670647,6639,,,,,
representative,Rep. Carolyn Maloney,D,NY-12,@RepMaloney,RepMaloney,258900199,30523,,,,,
representative,Rep. Adriano Espaillat,D,NY-13,@RepEspaillat,RepEspaillat,8.17076E+17,11064,,,,,
representative,Rep. Joseph Crowley,D,NY-14,@RepJoeCrowley,repjoecrowley,111635980,32132,,,,,
representative,Rep. Jose Serrano,D,NY-15,@RepJoseSerrano,RepJoseSerrano,33563161,24879,,,,,
representative,Rep. Eliot Engel,D,NY-16,@RepEliotEngel,RepEliotEngel,164007407,24509,,,,,
representative,Rep. Nita Lowey,D,NY-17,@NitaLowey,NitaLowey,221792092,26162,,,,,
representative,Rep. Sean Maloney,D,NY-18,@RepSeanMaloney,RepSeanMaloney,1072467470,27018,,,,,
representative,Rep. John Faso,R,NY-19,@RepJohnFaso,RepJohnFaso,8.15932E+17,6726,,,,,
representative,Rep. Paul Tonko,D,NY-20,@RepPaulTonko,RepPaulTonko,84119348,23362,,,,,
representative,Rep. Elise Stefanik,R,NY-21,@RepStefanik,RepStefanik,2962813893,18141,,,,,
representative,Rep. Claudia Tenney,R,NY-22,@RepTenney,RepTenney,7.97201E+17,5453,,,,,
representative,Rep. Tom Reed,R,NY-23,@RepTomReed,RepTomReed,252819323,15550,,,,,
representative,Rep. John Katko,R,NY-24,@RepJohnKatko,RepJohnKatko,2966765501,12084,,,,,
representative,Rep. Louise Slaughter,D,NY-25,@LouiseSlaughter,louiseslaughter,63169388,24667,,,,,
representative,Rep. Brian Higgins,D,NY-26,@RepBrianHiggins,RepBrianHiggins,33576489,22771,,,,,
representative,Rep. Chris Collins,R,NY-27,@RepChrisCollins,RepChrisCollins,1058256326,18464,,,,,
representative,Rep. Steve Chabot,R,OH-1,@RepSteveChabot,RepSteveChabot,237750442,26037,,,,,
representative,Rep. Brad Wenstrup,R,OH-2,@RepBradWenstrup,RepBradWenstrup,518644221,19730,,,,,
representative,Rep. Joyce Beatty,D,OH-3,@RepBeatty,RepBeatty,1531521632,29817,,,,,
representative,Rep. Jim Jordan,R,OH-4,@Jim_Jordan,Jim_Jordan,18166778,300815,,,,,
representative,Rep. Robert Latta,R,OH-5,@BobLatta,boblatta,15394954,35706,,,,,
representative,Rep. Bill Johnson,R,OH-6,@RepBillJohnson,RepBillJohnson,211530910,32809,,,,,
representative,Rep. Bob Gibbs,R,OH-7,@RepBobGibbs,RepBobGibbs,234822928,33794,,,,,
representative,Rep. Warren Davidson,R,OH-8,@WarrenDavidson,WarrenDavidson,7.42736E+17,8200,,,,,
representative,Rep. Marcy Kaptur,D,OH-9,@RepMarcyKaptur,RepMarcyKaptur,581141508,17500,,,,,
representative,Rep. Michael Turner,R,OH-10,@RepMikeTurner,RepMikeTurner,51228911,20397,,,,,
representative,Rep. Marcia Fudge,D,OH-11,@RepMarciaFudge,RepMarciaFudge,153486399,31921,,,,,
representative,Rep. Patrick Tiberi,R,OH-12,@TiberiPress,tiberipress,3145255727,25,,,,,
representative,Rep. Tim Ryan,D,OH-13,@RepTimRyan,RepTimRyan,13491312,54569,,,,,
representative,Rep. David Joyce,R,OH-14,@RepDaveJoyce,RepDaveJoyce,976969338,19259,,,,,
representative,Rep. Steve Stivers,R,OH-15,@RepSteveStivers,RepSteveStivers,211420609,30977,,,,,
representative,Rep. James Renacci,R,OH-16,@RepJimRenacci,RepJimRenacci,236916916,29881,,,,,
representative,Rep. Jim Bridenstine,R,OK-1,@RepJBridenstine,RepJBridenstine,1092757885,22365,,,,,
representative,Rep. Markwayne Mullin,R,OK-2,@RepMullin,RepMullin,1060370282,16439,,,,,
representative,Rep. Frank Lucas,R,OK-3,@RepFrankLucas,RepFrankLucas,242772524,16898,,,,,
representative,Rep. Tom Cole,R,OK-4,@TomColeOK04,TomColeOK04,23124635,19929,,,,,
representative,Rep. Steve Russell,R,OK-5,@RepRussell,RepRussell,2966758114,9294,,,,,
representative,Rep. Suzanne Bonamici,D,OR-1,@RepBonamici,RepBonamici,558769636,24484,,,,,
representative,Rep. Greg Walden,R,OR-2,@RepGregWalden,repgregwalden,32010840,26892,,,,,
representative,Rep. Earl Blumenauer,D,OR-3,@BlumenauerMedia,BlumenauerMedia,137823987,3051,,,,,
representative,Rep. Peter DeFazio,D,OR-4,@RepPeterDeFazio,RepPeterDeFazio,252249233,25485,,,,,
representative,Rep. Kurt Schrader,D,OR-5,@RepSchrader,RepSchrader,20545793,23419,,,,,
representative,Rep. Robert Brady,D,PA-1,@RepBrady,RepBrady,148453195,13028,,,,,
representative,Rep. Dwight Evans,D,PA-2,@RepDwightEvans,RepDwightEvans,90639372,11446,,,,,
representative,Rep. Mike Kelly,R,PA-3,@MikeKellyPA,MikeKellyPA,935368364,12278,,,,,
representative,Rep. Scott Perry,R,PA-4,@RepScottPerry,RepScottPerry,18773159,14448,,,,,
representative,Rep. Glenn Thompson,R,PA-5,@CongressmanGT,CongressmanGT,18967498,18987,,,,,
representative,Rep. Ryan Costello,R,PA-6,@RepRyanCostello,RepRyanCostello,2953922782,14389,,,,,
representative,Rep. Patrick Meehan,R,PA-7,@RepMeehan,no_name,no_user,no_followers,,,,,
representative,Rep. Brian Fitzpatrick,R,PA-8,@RepFitzpatrick,RepFitzpatrick,237944147,12347,,,,,
representative,Rep. Bill Shuster,R,PA-9,@RepBillShuster,RepBillShuster,22527499,20844,,,,,
representative,Rep. Tom Marino,R,PA-10,@RepTomMarino,RepTomMarino,240363117,21281,,,,,
representative,Rep. Lou Barletta,R,PA-11,@RepLouBarletta,RepLouBarletta,239871673,25315,,,,,
representative,Rep. Keith Rothfus,R,PA-12,@KeithRothfus,KeithRothfus,1155212191,10193,,,,,
representative,Rep. Brendan Boyle,D,PA-13,@RepBrendanBoyle,RepBrendanBoyle,231108733,17046,,,,,
representative,Rep. Michael Doyle,D,PA-14,@USRepMikeDoyle,USRepMikeDoyle,39249305,17138,,,,,
representative,Rep. Charles Dent,R,PA-15,@RepCharlieDent,RepCharlieDent,242376736,16472,,,,,
representative,Rep. Lloyd Smucker,R,PA-16,@housegop,HouseGOP,15207668,591877,,,,,
representative,Rep. Matthew Cartwright,D,PA-17,@RepCartwright,RepCartwright,776664410,10117,,,,,
representative,Rep. Conor Lamb,,PA-18,@ConorLambPA,ConorLambPA,8.5524E+17,83481,,,,,
representative,Rep. David Cicilline,D,RI-1,@RepCicilline,RepCicilline,462143773,20477,,,,,
representative,Rep. James Langevin,D,RI-2,@JimLangevin,JimLangevin,18909919,21856,,,,,
representative,Rep. Marshall Sanford,R,SC-1,@RepSanfordSC,RepSanfordSC,1499993378,12361,,,,,
representative,Rep. Joe Wilson,R,SC-2,@RepJoeWilson,RepJoeWilson,254082173,12217,,,,,
representative,Rep. Jeff Duncan,R,SC-3,@RepJeffDuncan,RepJeffDuncan,240393970,55058,,,,,
representative,Rep. Trey Gowdy,R,SC-4,@TGowdySC,TGowdySC,237348797,892724,,,,,
representative,Rep. Ralph Norman Jr.,,SC-5,@RepRalphNorman,RepRalphNorman,8.80481E+17,2683,,,,,
representative,Rep. James Clyburn,D,SC-6,@Clyburn,Clyburn,188019606,57803,,,,,
representative,Rep. Tom Rice,R,SC-7,@RepTomRice,RepTomRice,1058345042,15069,,,,,
representative,Rep. Kristi Noem,R,SD-0,@RepKristiNoem,RepKristiNoem,235251868,27578,,,,,
representative,Rep. David Roe,R,TN-1,@DrPhilRoe,DrPhilRoe,52503751,16382,,,,,
representative,Rep. John Duncan,R,TN-2,@RepJohnDuncanJr,RepJohnDuncanJr,1883356866,5869,,,,,
representative,Rep. Charles Fleischmann,R,TN-3,@RepChuck,RepChuck,235190657,13892,,,,,
representative,Rep. Scott DesJarlais,R,TN-4,@DesJarlaisTN04,DesJarlaisTN04,235312723,15690,,,,,
representative,Rep. Jim Cooper,D,TN-5,@RepJimCooper,repjimcooper,22523087,22032,,,,,
representative,Rep. Diane Black,R,TN-6,@RepDianeBlack,RepDianeBlack,110545675,29109,,,,,
representative,Rep. Marsha Blackburn,R,TN-7,@MarshaBlackburn,MarshaBlackburn,278145569,59386,,,,,
representative,Rep. David Kustoff,R,TN-8,@repdavidkustoff,RepDavidKustoff,8.16012E+17,6344,,,,,
representative,Rep. Steve Cohen,D,TN-9,@RepCohen,RepCohen,162069635,50108,,,,,
representative,Rep. Louie Gohmert,R,TX-1,@RepLouieGohmert,replouiegohmert,22055226,152304,,,,,
representative,Rep. Ted Poe,R,TX-2,@JudgeTedPoe,JudgeTedPoe,74198348,33131,,,,,
representative,Rep. Sam Johnson,R,TX-3,@SamsPressShop,SamsPressShop,249288197,10859,,,,,
representative,Rep. John Ratcliffe,R,TX-4,@RepRatcliffe,RepRatcliffe,2847221717,25805,,,,,
representative,Rep. Jeb Hensarling,R,TX-5,@RepHensarling,RepHensarling,18566912,25868,,,,,
representative,Rep. Joe Barton,R,TX-6,@RepJoeBarton,RepJoeBarton,19929362,27023,,,,,
representative,Rep. John Culberson,R,TX-7,@CongCulberson,CongCulberson,24183358,16064,,,,,
representative,Rep. Kevin Brady,R,TX-8,@RepKevinBrady,RepKevinBrady,19926675,38669,,,,,
representative,Rep. Al Green,D,TX-9,@RepAlGreen,RepAlGreen,156333623,49523,,,,,
representative,Rep. Michael McCaul,R,TX-10,@RepMcCaul,RepMcCaul,26424123,27041,,,,,
representative,Rep. K. Conaway,R,TX-11,@ConawayTX11,ConawayTX11,295685416,14913,,,,,
representative,Rep. Kay Granger,R,TX-12,@RepKayGranger,RepKayGranger,161743731,19003,,,,,
representative,Rep. Mac Thornberry,R,TX-13,@MacTXPress,MacTXPress,377534571,13781,,,,,
representative,Rep. Randy Weber,R,TX-14,@TXRandy14,TXRandy14,1058051748,14028,,,,,
representative,Rep. Vicente Gonzalez,D,TX-15,@RepGonzalez,RepGonzalez,8.18536E+17,3178,,,,,
representative,Rep. Beto O’Rourke,D,TX-16,@RepBetoORourke,RepBetoORourke,1134292500,155089,,,,,
representative,Rep. Bill Flores,R,TX-17,@RepBillFlores,RepBillFlores,237312687,18241,,,,,
representative,Rep. Sheila Jackson Lee,D,TX-18,@JacksonLeeTX18,JacksonLeeTX18,80612021,59525,,,,,
representative,Rep. Jodey Arrington,R,TX-19,@RepArrington,RepArrington,8.16285E+17,5249,,,,,
representative,Rep. Joaquin Castro,D,TX-20,@JoaquinCastrotx,JoaquinCastrotx,231510077,118858,,,,,
representative,Rep. Lamar Smith,R,TX-21,@LamarSmithTX21,LamarSmithTX21,15856366,27206,,,,,
representative,Rep. Pete Olson,R,TX-22,@RepPeteOlson,RepPeteOlson,20053279,8915,,,,,
representative,Rep. Will Hurd,R,TX-23,@hurdonthehill,HurdOnTheHill,2963445730,31518,,,,,
representative,Rep. Kenny Marchant,R,TX-24,@RepKenMarchant,RepKenMarchant,23976316,24632,,,,,
representative,Rep. Roger Williams,R,TX-25,@RepRWilliams,RepRWilliams,1077446982,9997,,,,,
representative,Rep. Michael Burgess,R,TX-26,@MichaelCBurgess,michaelcburgess,15751083,27067,,,,,
representative,Rep. Michael Cloud,R,TX-27,@MichaelJCloud,MichaelJCloud,23725826,918,,,,,
representative,Rep. Henry Cuellar,D,TX-28,@RepCuellar,RepCuellar,210926192,21405,,,,,
representative,Rep. Gene Green,D,TX-29,@RepGeneGreen,RepGeneGreen,111635527,17891,,,,,
representative,Rep. Eddie Johnson,D,TX-30,@RepEBJ,RepEBJ,168502762,30699,,,,,
representative,Rep. John Carter,R,TX-31,@JudgeCarter,JudgeCarter,18030431,14448,,,,,
representative,Rep. Pete Sessions,R,TX-32,@PeteSessions,PeteSessions,24735461,31684,,,,,
representative,Rep. Marc Veasey,D,TX-33,@RepVeasey,RepVeasey,1074129612,18900,,,,,
representative,Rep. Filemon Vela,D,TX-34,@RepFilemonVela,RepFilemonVela,1083448909,13105,,,,,
representative,Rep. Lloyd Doggett,D,TX-35,@RepLloydDoggett,RepLloydDoggett,153944899,29848,,,,,
representative,Rep. Brian Babin,R,TX-36,@RepBrianBabin,RepBrianBabin,2929491549,10556,,,,,
representative,Rep. Rob Bishop,R,UT-1,@RepRobBishop,RepRobBishop,148006729,3372,,,,,
representative,Rep. Chris Stewart,R,UT-2,@RepChrisStewart,RepChrisStewart,1072008757,17918,,,,,
representative,Rep. Jason Chaffetz,R,UT-3,@JasonInTheHouse,jasoninthehouse,17800215,441563,,,,,
representative,Rep. Mia Love,R,UT-4,@repmialove,RepMiaLove,2976598347,36442,,,,,
representative,Rep. Robert Wittman,R,VA-1,@RobWittman,RobWittman,15356407,25780,,,,,
representative,Rep. Scott Taylor,R,VA-2,@housegop,HouseGOP,15207668,591877,,,,,
representative,Rep. Robert Scott,D,VA-3,@RepBobbyScott,repbobbyscott,7.85625E+17,253,,,,,
representative,Rep. Donald Mceachin,R,VA-4,@RepMcEachin,RepMcEachin,8.16181E+17,5690,,,,,
representative,Rep. Thomas Garrett,R,VA-5,@Rep_Tom_Garrett,Rep_Tom_Garrett,8.88423E+17,67,,,,,
representative,Rep. Bob Goodlatte,R,VA-6,@RepGoodlatte,RepGoodlatte,37920978,89373,,,,,
representative,Rep. David Brat,R,VA-7,@RepDaveBrat,RepDaveBrat,2560169238,16245,,,,,
representative,Rep. Donald Beyer,D,VA-8,@repdonbeyer,RepDonBeyer,2962868158,63126,,,,,
representative,Rep. H. Morgan Griffith,R,VA-9,@RepMGriffith,RepMGriffith,234057152,24949,,,,,
representative,Rep. Barbara Comstock,R,VA-10,@RepComstock,RepComstock,2933760046,16710,,,,,
representative,Rep. Gerald Connolly,D,VA-11,@GerryConnolly,GerryConnolly,78445977,44379,,,,,
representative,Rep. Peter Welch,D,VT-0,@PeterWelch,PeterWelch,1410590874,14638,,,,,
representative,Rep. Suzan DelBene,D,WA-1,@RepDelBene,RepDelBene,995193054,23559,,,,,
representative,Rep. Rick Larsen,D,WA-2,@RepRickLarsen,RepRickLarsen,404132211,17145,,,,,
representative,Rep. Jaime Herrera Beutler,R,WA-3,@HerreraBeutler,HerreraBeutler,242926427,18395,,,,,
representative,Rep. Dan Newhouse,R,WA-4,@RepNewhouse,RepNewhouse,2930635215,10218,,,,,
representative,Rep. Cathy McMorris Rodgers,R,WA-5,@CathyMcMorris,cathymcmorris,17976923,46291,,,,,
representative,Rep. Derek Kilmer,D,WA-6,@RepDerekKilmer,RepDerekKilmer,1058917562,23501,,,,,
representative,Rep. Pramila Jayapal,D,WA-7,@RepJayapal,RepJayapal,8.15733E+17,65623,,,,,
representative,Rep. David Reichert,R,WA-8,@DaveReichert,davereichert,16102244,20849,,,,,
representative,Rep. Adam Smith,D,WA-9,@RepAdamSmith,RepAdamSmith,58928690,28271,,,,,
representative,Rep. Denny Heck,D,WA-10,@RepDennyHeck,RepDennyHeck,1068499286,21680,,,,,
representative,Rep. Paul Ryan,R,WI-1,@SpeakerRyan,SpeakerRyan,18916432,3637730,,,,,
representative,Rep. Mark Pocan,D,WI-2,@RepMarkPocan,repmarkpocan,1206227149,75763,,,,,
representative,Rep. Ron Kind,D,WI-3,@RepRonKind,RepRonKind,112740986,13302,,,,,
representative,Rep. Gwen Moore,D,WI-4,@RepGwenMoore,RepGwenMoore,22669526,31038,,,,,
representative,Rep. James Sensenbrenner Jr.,R,WI-5,@JimPressOffice,JimPressOffice,851621377,6766,,,,,
representative,Rep. Glenn Grothman,R,WI-6,@RepGrothman,RepGrothman,2976606250,5256,,,,,
representative,Rep. Sean Duffy,R,WI-7,@RepSeanDuffy,RepSeanDuffy,234022257,33952,,,,,
representative,Rep. Mike Gallagher,R,WI-8,@RepGallagher,RepGallagher,8.15967E+17,10016,,,,,
representative,Rep. David McKinley,R,WV-1,@RepMcKinley,RepMcKinley,240427862,28899,,,,,
representative,Rep. Alex Mooney,R,WV-2,@RepAlexMooney,RepAlexMooney,2964526557,7281,,,,,
representative,Rep. Evan Jenkins,R,WV-3,@RepEvanJenkins,RepEvanJenkins,2953713339,7767,,,,,
representative,Rep. Liz Chaney,R,WY-0,@RepLizCheney,RepLizCheney,8.1672E+17,6159,,,,,
senator,"Shelby, Richard",R,Alabama,@SenShelby,SenShelby,21111098,71107,,,,,
senator,"Jomes, Doug",D,Alabama,@SenDougJones,SenDougJones,9.4108E+17,13693,,,,,
senator,"Murkowski, Lisa",R,Alaska,@lisamurkowski,lisamurkowski,18061669,184719,,,,,
senator,"Sullivan, Dan",R,Alaska,@SenDanSullivan,SenDanSullivan,2891210047,28717,,,,,
senator,"McCain, John",R,Arizona,@SenJohnMcCain,SenJohnMcCain,19394188,3234973,,,,,
senator,"Flake, Jeff",R,Arizona,@JeffFlake,JeffFlake,16056306,593840,,,,,
senator,"Cotton, Tom",R,Arkansas,@SenTomCotton,SenTomCotton,968650362,127620,,,,,
senator,"Boozman, John",R,Arkansas,@JohnBoozman,JohnBoozman,5558312,67561,,,,,
senator,"Feinstein, Dianne",D,California,@SenFeinstein,SenFeinstein,476256944,1170459,,,,,
senator,"Harris, Kamala",D,California,@SenKamalaHarris,SenKamalaHarris,8.03694E+17,444747,,,,,
senator,"Bennet, Michael",D,Colorado,@SenBennetCO,SenBennetCO,224285242,206457,,,,,
senator,"Gardner, Cory",R,Colorado,@SenCoryGardner,SenCoryGardner,235217558,98751,,,,,
senator,"Murphy, Christopher",D,Connecticut,@ChrisMurphyCT,ChrisMurphyCT,150078976,708834,,,,,
senator,"Blumenthal, Richard",D,Connecticut,@SenBlumenthal,SenBlumenthal,278124059,487664,,,,,
senator,"Carper, Tom",D,Delaware,@SenatorCarper,SenatorCarper,249787913,84957,,,,,
senator,"Coons, Chris",D,Delaware,@ChrisCoons,ChrisCoons,15324851,96390,,,,,
senator,"Nelson, Bill",D,Florida,@SenBillNelson,SenBillNelson,20597460,349206,,,,,
senator,"Rubio, Marco",R,Florida,@marcorubio,marcorubio,15745368,3622431,,,,,
senator,"Perdue, David",R,Georgia,@SenDavidPerdue,sendavidperdue,2863210809,51492,,,,,
senator,"Isakson, Johnny",R,Georgia,@SenatorIsakson,SenatorIsakson,78403308,57192,,,,,
senator,"Schatz, Brian",D,Hawaii,@brianschatz,brianschatz,47747074,136702,,,,,
senator,"Hirono, Mazie",D,Hawaii,@maziehirono,maziehirono,92186819,232155,,,,,
senator,"Crapo, Mike",R,Idaho,@MikeCrapo,MikeCrapo,600463589,65814,,,,,
senator,"Risch, Jim",R,Idaho,@SenatorRisch,SenatorRisch,1096059529,61549,,,,,
senator,"Duckworth, Tammy",D,Illinois,@SenDuckworth,SenDuckworth,1058520120,492615,,,,,
senator,"Durbin, Dick",D,Illinois,@SenatorDurbin,SenatorDurbin,247334603,546026,,,,,
senator,"Donnelly, Joe",D,Indiana,@SenDonnelly,SenDonnelly,216503958,101802,,,,,
senator,"Young, Todd",R,Indiana,@SenToddYoung,SenToddYoung,234128524,36512,,,,,
senator,"Grassley, Chuck",R,Iowa,@ChuckGrassley,ChuckGrassley,10615232,225061,,,,,
senator,"Ernst, Joni",R,Iowa,@joniernst,joniernst,1383059977,35731,,,,,
senator,"Roberts, Pat",R,Kansas,@SenPatRoberts,SenPatRoberts,75364211,58666,,,,,
senator,"Moran, Jerry",R,Kansas,@JerryMoran,JerryMoran,18632666,81129,,,,,
senator,"McConnell, Mitch",R,Kentucky,@SenateMajLdr,SenateMajLdr,1249982359,592626,,,,,
senator,"Paul, Rand",R,Kentucky,@RandPaul,RandPaul,216881337,2364648,,,,,
senator,"Cassidy, Bill",R,Louisiana,@BillCassidy,BillCassidy,55677432,35803,,,,,
senator,"Kennedy, John",R,Louisiana,@SenJohnKennedy,SenJohnKennedy,8.16683E+17,20427,,,,,
senator,"King, Angus",Independent,Maine,@SenAngusKing,SenAngusKing,1068481578,194341,,,,,
senator,"Collins, Susan",R,Maine,@SenatorCollins,SenatorCollins,19726613,384791,,,,,
senator,"Van Hollen, Chris",D,Maryland,@ChrisVanHollen,ChrisVanHollen,18137749,134753,,,,,
senator,"Cardin, Ben",D,Maryland,@SenatorCardin,SenatorCardin,109071031,236915,,,,,
senator,"Markey, Ed",D,Massachusetts,@senmarkey,SenMarkey,21406834,137060,,,,,
senator,"Warren, Elizabeth",D,Massachusetts,@SenWarren,SenWarren,970207298,4570975,,,,,
senator,"Peters, Gary",D,Michigan,@SenGaryPeters,SenGaryPeters,236511574,108610,,,,,
senator,"Stabenow, Debbie",D,Michigan,@SenStabenow,SenStabenow,76456274,90366,,,,,
senator,"Klobuchar, Amy",D,Minnesota,@amyklobuchar,amyklobuchar,33537967,429601,,,,,
senator,"Smith, Tina",D,Minnesota,@SenTinaSmith,SenTinaSmith,9.41001E+17,30097,,,,,
senator,Cindy Hyde-Smith,R,Mississippi,@cindyhydesmith,cindyhydesmith,262192574,8002,,,,,
senator,"Wicker, Roger",R,Mississippi,@SenatorWicker,SenatorWicker,264219447,66070,,,,,
senator,"McCaskill, Claire",D,Missouri,@clairecmc,clairecmc,16160352,444190,,,,,
senator,"Blunt, Roy",R,Missouri,@RoyBlunt,RoyBlunt,21269970,88234,,,,,
senator,"Daines, Steve",R,Montana,@SteveDaines,SteveDaines,11651202,34558,,,,,
senator,"Tester, Jon",D,Montana,@SenatorTester,SenatorTester,515822213,89396,,,,,
senator,"Fischer, Deb",R,Nebraska,@SenatorFischer,SenatorFischer,1071402577,64261,,,,,
senator,"Sasse, Ben",R,Nebraska,@BenSasse,BenSasse,1480852568,258070,,,,,
senator,"Cortez Masto, Catherine",D,Nevada,@SenCortezMasto,SenCortezMasto,8.11314E+17,29602,,,,,
senator,"Heller, Dean",R,Nevada,@SenDeanHeller,SenDeanHeller,266133081,99806,,,,,
senator,"Shaheen, Jeanne",D,New Hampshire,@SenatorShaheen,SenatorShaheen,109287731,93985,,,,,
senator,"Hassan, Maggie",D,New Hampshire,@SenatorHassan,SenatorHassan,946549322,137346,,,,,
senator,"Booker, Cory",D,New Jersey,@CoryBooker,CoryBooker,15808765,4010360,,,,,
senator,"Menendez, Bob",D,New Jersey,@SenatorMenendez,SenatorMenendez,18695134,148039,,,,,
senator,"Heinrich, Martin",D,New Mexico,@MartinHeinrich,MartinHeinrich,1099199839,179367,,,,,
senator,"Udall, Tom",D,New Mexico,@SenatorTomUdall,SenatorTomUdall,60828944,155922,,,,,
senator,"Schumer, Chuck",D,New York,@SenSchumer,SenSchumer,17494010,1482320,,,,,
senator,"Gillibrand, Kirsten",D,New York,@SenGillibrand,SenGillibrand,72198806,1259772,,,,,
senator,"Burr, Richard",R,North Carolina,@SenatorBurr,SenatorBurr,21157904,128878,,,,,
senator,"Tillis, Thom",R,North Carolina,@SenThomTillis,SenThomTillis,2964174789,58507,,,,,
senator,"Heitkamp, Heidi",D,North Dakota,@SenatorHeitkamp,SenatorHeitkamp,1061029050,82429,,,,,
senator,"Hoeven, John",R,North Dakota,@SenJohnHoeven,SenJohnHoeven,382791093,68603,,,,,
senator,"Brown, Sherrod",D,Ohio,@SenSherrodBrown,SenSherrodBrown,43910797,346873,,,,,
senator,"Portman, Rob",R,Ohio,@SenRobPortman,senrobportman,18915145,128704,,,,,
senator,"Inhofe, Jim",R,Oklahoma,@jiminhofe,JimInhofe,7270292,42516,,,,,
senator,"Lankford, James",R,Oklahoma,@SenatorLankford,SenatorLankford,225921757,66327,,,,,
senator,"Wyden, Ron",D,Oregon,@RonWyden,RonWyden,250188760,427925,,,,,
senator,"Merkley, Jeff",D,Oregon,@SenJeffMerkley,SenJeffMerkley,29201047,396958,,,,,
senator,"Casey, Bob",D,Pennsylvania,@SenBobCasey,SenBobCasey,171598736,410276,,,,,
senator,"Toomey, Pat",R,Pennsylvania,@SenToomey,SenToomey,221162525,119027,,,,,
senator,"Reed, Jack",D,Rhode Island,@SenJackReed,SenJackReed,486694111,79660,,,,,
senator,"Whitehouse, Sheldon",D,Rhode Island,@SenWhitehouse,SenWhitehouse,242555999,256884,,,,,
senator,"Graham, Lindsey",R,South Carolina,@GrahamBlog,GrahamBlog,14845376,112635,,,,,
senator,"Scott, Tim",R,South Carolina,@SenatorTimScott,SenatorTimScott,217543151,368190,,,,,
senator,"Rounds, Mike",R,South Dakota,@SenatorRounds,SenatorRounds,2955485182,18612,,,,,
senator,"Thune, John",R,South Dakota,@SenJohnThune,SenJohnThune,296361085,89744,,,,,
senator,"Alexander, Lamar",R,Tennessee,@SenAlexander,SenAlexander,76649729,85778,,,,,
senator,"Corker, Bob",R,Tennessee,@BobCorker,BobCorker,283130017,9549,,,,,
senator,"Cornyn, John",R,Texas,@JohnCornyn,JohnCornyn,13218102,137806,,,,,
senator,"Cruz, Ted",R,Texas,@SenTedCruz,SenTedCruz,1074480192,1110850,,,,,
senator,"Hatch, Orrin",R,Utah,@SenOrrinHatch,senorrinhatch,262756641,83175,,,,,
senator,"Lee, Mike",R,Utah,@SenMikeLee,SenMikeLee,88784440,444904,,,,,
senator,"Leahy, Patrick",D,Vermont,@SenatorLeahy,SenatorLeahy,242836537,149661,,,,,
senator,"Sanders, Bernie",D,Vermont,@SenatorSanders,senatorsanders,946946130,540,,,,,
senator,"Kaine, Tim",D,Virginia,@timkaine,timkaine,172858784,995077,,,,,
senator,"Warner, Mark",D,Virginia,@MarkWarner,MarkWarner,7429102,411356,,,,,
senator,"Murray, Patty",D,Washington,@PattyMurray,PattyMurray,293131808,410776,,,,,
senator,"Cantwell, Maria",D,Washington,@SenatorCantwell,SenatorCantwell,117501995,219037,,,,,
senator,"Capito, Shelley Moore",R,West Virginia,@SenCapito,SenCapito,193794406,57274,,,,,
senator,"Manchin, Joe",D,West Virginia,@Sen_JoeManchin,Sen_JoeManchin,234374703,152209,,,,,
senator,"Baldwin, Tammy",D,Wisconsin,@SenatorBaldwin,SenatorBaldwin,1074518754,97861,,,,,
senator,"Johnson, Ron",R,Wisconsin,@SenRonJohnson,SenRonJohnson,233737858,91395,,,,,
senator,"Enzi, Mike",R,Wyoming,@SenatorEnzi,SenatorEnzi,291756142,72521,,,,,
senator,"Barrasso, John",R,Wyoming,@SenJohnBarrasso,SenJohnBarrasso,202206694,93660,,,,,
